[
  {"model": "cartography.structure", "pk": 1, "fields": {"code": "DSI", "name": "Direction des Systèmes d'Information", "description": "Développement, maintenance et support des systèmes", "color": "#3b82f6"}},
  {"model": "cartography.structure", "pk": 2, "fields": {"code": "DC", "name": "Direction Commerciale", "description": "Ventes et distribution", "color": "#10b981"}},
  {"model": "cartography.structure", "pk": 3, "fields": {"code": "DD", "name": "Direction Distribution", "description": "Canaux de distribution", "color": "#8b5cf6"}},
  {"model": "cartography.structure", "pk": 4, "fields": {"code": "DF", "name": "Direction Financière", "description": "Finances et comptabilité", "color": "#f59e0b"}},
  {"model": "cartography.structure", "pk": 5, "fields": {"code": "DO", "name": "Direction des Opérations", "description": "Opérations de vol", "color": "#ef4444"}},
  {"model": "cartography.structure", "pk": 6, "fields": {"code": "DOA", "name": "Direction des Opérations Aériennes", "description": "Personnel navigant", "color": "#ec4899"}},
  {"model": "cartography.structure", "pk": 7, "fields": {"code": "DP", "name": "Direction de la Programmation", "description": "Programmation des vols", "color": "#06b6d4"}},
  {"model": "cartography.structure", "pk": 8, "fields": {"code": "CCO", "name": "Centre de Contrôle des Opérations", "description": "Opérations jour J", "color": "#f97316"}},
  {"model": "cartography.structure", "pk": 9, "fields": {"code": "DMRA", "name": "Direction Maintenance et Révision Avions", "description": "Maintenance flotte", "color": "#84cc16"}},
  {"model": "cartography.structure", "pk": 10, "fields": {"code": "DOS", "name": "Direction des Opérations Sol", "description": "Opérations au sol", "color": "#14b8a6"}},
  {"model": "cartography.structure", "pk": 11, "fields": {"code": "DRH", "name": "Direction des Ressources Humaines", "description": "Gestion RH", "color": "#a855f7"}},
  {"model": "cartography.structure", "pk": 12, "fields": {"code": "DRM", "name": "Direction Revenue Management", "description": "Optimisation revenus", "color": "#eab308"}},
  {"model": "cartography.structure", "pk": 13, "fields": {"code": "DQSA", "name": "Direction Qualité et Sécurité Aérienne", "description": "Qualité et sécurité", "color": "#22c55e"}},
  {"model": "cartography.structure", "pk": 14, "fields": {"code": "DPD", "name": "Direction Planification et Développement", "description": "Planification stratégique", "color": "#0ea5e9"}},
  {"model": "cartography.structure", "pk": 15, "fields": {"code": "DVR", "name": "Direction des Ventes et Recettes", "description": "Ventes et recettes", "color": "#f43f5e"}},
  {"model": "cartography.structure", "pk": 16, "fields": {"code": "DL", "name": "Direction Logistique", "description": "Logistique et stocks", "color": "#64748b"}},
  {"model": "cartography.structure", "pk": 17, "fields": {"code": "RGFN", "name": "Représentation Générale France Nord", "description": "Paris et Lyon", "color": "#0284c7"}},
  {"model": "cartography.structure", "pk": 18, "fields": {"code": "RGFS", "name": "Représentation Générale France Sud", "description": "Marseille", "color": "#0891b2"}},

  {"model": "cartography.systemcategory", "pk": 1, "fields": {"name": "Core Business", "description": "Systèmes critiques pour l'activité principale", "icon": "server", "color": "#ef4444", "order": 1}},
  {"model": "cartography.systemcategory", "pk": 2, "fields": {"name": "Distribution & Commercial", "description": "Systèmes de vente et distribution", "icon": "shopping-cart", "color": "#3b82f6", "order": 2}},
  {"model": "cartography.systemcategory", "pk": 3, "fields": {"name": "Finance & Comptabilité", "description": "Systèmes financiers", "icon": "wallet", "color": "#f59e0b", "order": 3}},
  {"model": "cartography.systemcategory", "pk": 4, "fields": {"name": "RH & Formation", "description": "Ressources humaines et formation", "icon": "users", "color": "#8b5cf6", "order": 4}},
  {"model": "cartography.systemcategory", "pk": 5, "fields": {"name": "BI & Analytics", "description": "Business Intelligence", "icon": "bar-chart-3", "color": "#06b6d4", "order": 5}},
  {"model": "cartography.systemcategory", "pk": 6, "fields": {"name": "Qualité & Opérations", "description": "Qualité et opérations aériennes", "icon": "shield-check", "color": "#22c55e", "order": 6}},
  {"model": "cartography.systemcategory", "pk": 7, "fields": {"name": "Communication & Support", "description": "Communication et support", "icon": "message-circle", "color": "#64748b", "order": 7}},

  {"model": "cartography.system", "pk": 1, "fields": {"inventory_id": 1, "code": "ALTEA", "name": "Suite Altéa Amadeus", "description": "Amadeus Systèmes Passagers comprenant: Inventaire, Réservation, Ticketing, DCS, ALMS, RMS, RI, BI, IBE, CSC, AAC. Système central de gestion des passagers.", "vendor": "Amadeus", "category": 1, "structure": 2, "criticality": "CRITIQUE", "mode": "SAAS", "is_master_for": "Réservations, Billets, Passagers, DCS, FFP", "modules": ["INV", "RES", "DCS", "RMS", "FFP", "IBE", "RI", "BI"]}},
  {"model": "cartography.system", "pk": 2, "fields": {"inventory_id": 2, "code": "AIMS", "name": "Aircraft Information Management System", "description": "Planification des programmes de vols et de personnel navigant. Système in-house depuis plus de 25 ans.", "vendor": "AIMS (Solution Soft)", "category": 1, "structure": 7, "criticality": "CRITIQUE", "mode": "INHOUSE", "is_master_for": "Programme vols, Équipages, Slots", "modules": ["Schedule", "Crew", "CCO", "eCrew"]}},
  {"model": "cartography.system", "pk": 3, "fields": {"inventory_id": 3, "code": "JETPLAN", "name": "Jet Planer (Jeppesen)", "description": "Gestion des plans de vol. Planification et suivi des vols en temps réel, optimisation des itinéraires.", "vendor": "Jeppesen (Boeing)", "category": 1, "structure": 5, "criticality": "HAUTE", "mode": "SAAS", "is_master_for": "Plans de vol opérationnels", "modules": []}},
  {"model": "cartography.system", "pk": 4, "fields": {"inventory_id": 4, "code": "ACCELYA", "name": "Rapid Passagers (Accelya)", "description": "Gestion des Recettes Commerciales. Revenue Accounting passagers. Reçoit ~35 fichiers/jour depuis Altéa.", "vendor": "Accelya", "category": 1, "structure": 4, "criticality": "HAUTE", "mode": "CLOUD", "is_master_for": "Revenue Accounting, Facturation", "modules": []}},
  {"model": "cartography.system", "pk": 5, "fields": {"inventory_id": 10, "code": "ACARS", "name": "ACARS / HERMES", "description": "Tracking avion. Communication Sol/Air type B. Messages MVT, performance avions, consommation carburant.", "vendor": "Collins ARINC", "category": 1, "structure": 8, "criticality": "CRITIQUE", "mode": "RESEAU", "is_master_for": "Communications sol/air, Tracking avion", "modules": []}},
  {"model": "cartography.system", "pk": 6, "fields": {"inventory_id": 13, "code": "AMOS", "name": "Aircraft Maintenance and Overhaul System", "description": "Gestion maintenance Technique. Stocks pièces, ordres de travail, configurations avions.", "vendor": "Swiss Aviation Software", "category": 1, "structure": 9, "criticality": "HAUTE", "mode": "ONPREMISE", "is_master_for": "Maintenance avions, Pièces", "modules": []}},

  {"model": "cartography.system", "pk": 7, "fields": {"inventory_id": 6, "code": "WORLDTRACER", "name": "World Tracer", "description": "Tracking bagages. Localisation bagages perdus/retardés.", "vendor": "SITA", "category": 2, "structure": 10, "criticality": "HAUTE", "mode": "SAAS", "is_master_for": "Bagages perdus/retardés", "modules": []}},
  {"model": "cartography.system", "pk": 8, "fields": {"inventory_id": 11, "code": "VOCALCOM", "name": "Hermes Call Center", "description": "Solution Centre d'appel & Relation Client. Multicanal.", "vendor": "VocalCom", "category": 2, "structure": 3, "criticality": "MOYENNE", "mode": "ONPREMISE", "is_master_for": "Contact Center, CRM", "modules": []}},
  {"model": "cartography.system", "pk": 9, "fields": {"inventory_id": 21, "code": "SITEWEB", "name": "Site WEB Air Algérie", "description": "www.airalgerie.dz - E-commerce international depuis 2008.", "vendor": "KYO", "category": 2, "structure": 3, "criticality": "HAUTE", "mode": "CLOUD", "is_master_for": "", "modules": []}},
  {"model": "cartography.system", "pk": 10, "fields": {"inventory_id": 26, "code": "BSPLINK", "name": "BSP Link", "description": "Plateforme IATA pour la gestion des ventes des agences de voyage.", "vendor": "IATA", "category": 2, "structure": 3, "criticality": "HAUTE", "mode": "SAAS", "is_master_for": "Ventes agences, Compensation", "modules": []}},
  {"model": "cartography.system", "pk": 11, "fields": {"inventory_id": 31, "code": "ACCELYA-DIST", "name": "ACCELYA Distribution", "description": "Sous-traitance de la gestion et du contrôle de la distribution.", "vendor": "ACCELYA", "category": 2, "structure": 3, "criticality": "HAUTE", "mode": "CLOUD", "is_master_for": "", "modules": []}},
  {"model": "cartography.system", "pk": 12, "fields": {"inventory_id": 41, "code": "ATPCO", "name": "ATPCO", "description": "Application Web pour l'introduction des tarifs AH et le paramétrage des conditions d'application.", "vendor": "ATPCO", "category": 2, "structure": 12, "criticality": "HAUTE", "mode": "SAAS", "is_master_for": "Tarifs, Conditions tarifaires", "modules": []}},

  {"model": "cartography.system", "pk": 13, "fields": {"inventory_id": 12, "code": "SAGE-STOCK", "name": "SAGE Stock", "description": "Système Gestion Stock.", "vendor": "Sans contrat", "category": 3, "structure": 16, "criticality": "MOYENNE", "mode": "ONPREMISE", "is_master_for": "", "modules": []}},
  {"model": "cartography.system", "pk": 14, "fields": {"inventory_id": 14, "code": "SAGE-FIN-N", "name": "SAGE Finance (PAR/LYS)", "description": "Gestion comptabilité & finances au niveau PAR & LYS.", "vendor": "MERCURIA", "category": 3, "structure": 17, "criticality": "HAUTE", "mode": "ONPREMISE", "is_master_for": "Comptabilité France Nord", "modules": []}},
  {"model": "cartography.system", "pk": 15, "fields": {"inventory_id": 15, "code": "SAGE-FIN-S", "name": "SAGE Finance (MRS)", "description": "Gestion comptabilité & finances au niveau MRS.", "vendor": "Axe Informatique", "category": 3, "structure": 18, "criticality": "HAUTE", "mode": "ONPREMISE", "is_master_for": "Comptabilité France Sud", "modules": []}},
  {"model": "cartography.system", "pk": 16, "fields": {"inventory_id": 20, "code": "ERP", "name": "ERP Air Algérie", "description": "Solution Inhouse: RH, Finances & Opérationnels. https://erp.airalgerie.dz", "vendor": "DSI (In-house)", "category": 3, "structure": 1, "criticality": "HAUTE", "mode": "INHOUSE", "is_master_for": "Comptabilité Algérie, RH", "modules": ["Finances", "RH", "Comptabilité"]}},
  {"model": "cartography.system", "pk": 17, "fields": {"inventory_id": 28, "code": "SYGEF", "name": "SYGEF", "description": "Système gestion financière unités Centrales & Commerciales.", "vendor": "DSI (In-house)", "category": 3, "structure": 1, "criticality": "HAUTE", "mode": "INHOUSE", "is_master_for": "", "modules": []}},
  {"model": "cartography.system", "pk": 18, "fields": {"inventory_id": 29, "code": "DATAWINGS", "name": "Datawings", "description": "Application de contrôle et de répartition des ventes BSP par unité en France.", "vendor": "Datawings", "category": 3, "structure": 17, "criticality": "MOYENNE", "mode": "ONPREMISE", "is_master_for": "", "modules": []}},

  {"model": "cartography.system", "pk": 19, "fields": {"inventory_id": 5, "code": "EVALCOM", "name": "EVALCOM", "description": "Gestion & évaluation des compétences des ressources humaines.", "vendor": "EVALCOM", "category": 4, "structure": 11, "criticality": "MOYENNE", "mode": "ONPREMISE", "is_master_for": "", "modules": []}},
  {"model": "cartography.system", "pk": 20, "fields": {"inventory_id": 16, "code": "BODET", "name": "BODET", "description": "Gestion Ressources Humaines et Gestion du Temps utilisé à Paris.", "vendor": "BODET", "category": 4, "structure": 17, "criticality": "MOYENNE", "mode": "ONPREMISE", "is_master_for": "", "modules": []}},
  {"model": "cartography.system", "pk": 21, "fields": {"inventory_id": 19, "code": "BIOSTAR", "name": "Biostar", "description": "Solution Biométrique pour la Gestion du Temps.", "vendor": "Suprema", "category": 4, "structure": 1, "criticality": "MOYENNE", "mode": "ONPREMISE", "is_master_for": "", "modules": []}},
  {"model": "cartography.system", "pk": 22, "fields": {"inventory_id": 23, "code": "ELEARNING", "name": "E-Learning compagnie", "description": "Plateforme de formation et d'apprentissage.", "vendor": "Open source", "category": 4, "structure": 1, "criticality": "BASSE", "mode": "INHOUSE", "is_master_for": "", "modules": []}},
  {"model": "cartography.system", "pk": 23, "fields": {"inventory_id": 25, "code": "EEXAM", "name": "e-Learning E-Exam PN", "description": "Solution web utilisé pour les formations PN.", "vendor": "Boite de développement", "category": 4, "structure": 6, "criticality": "MOYENNE", "mode": "ONPREMISE", "is_master_for": "", "modules": []}},

  {"model": "cartography.system", "pk": 24, "fields": {"inventory_id": 7, "code": "POWERBI", "name": "Power BI", "description": "Outil BI Microsoft.", "vendor": "Microsoft", "category": 5, "structure": 1, "criticality": "MOYENNE", "mode": "SAAS", "is_master_for": "", "modules": []}},
  {"model": "cartography.system", "pk": 25, "fields": {"inventory_id": 8, "code": "QLIK", "name": "Qlik Sense", "description": "Outil BI avec licences.", "vendor": "Qlik", "category": 5, "structure": 14, "criticality": "MOYENNE", "mode": "ONPREMISE", "is_master_for": "", "modules": []}},
  {"model": "cartography.system", "pk": 26, "fields": {"inventory_id": 9, "code": "BAC", "name": "BAC (Amadeus)", "description": "Outil BI Amadeus booking.", "vendor": "Amadeus", "category": 5, "structure": 15, "criticality": "MOYENNE", "mode": "SAAS", "is_master_for": "", "modules": []}},

  {"model": "cartography.system", "pk": 27, "fields": {"inventory_id": 22, "code": "QPULSE", "name": "Q-Pulse", "description": "Système d'information & de gestion de la qualité.", "vendor": "Ideagen", "category": 6, "structure": 13, "criticality": "MOYENNE", "mode": "ONPREMISE", "is_master_for": "Gestion Qualité", "modules": []}},
  {"model": "cartography.system", "pk": 28, "fields": {"inventory_id": 33, "code": "SUDOVOL", "name": "Sudovol", "description": "Application de gestion et suivi du fuel au niveau cellule carbone.", "vendor": "In-house", "category": 6, "structure": 1, "criticality": "MOYENNE", "mode": "INHOUSE", "is_master_for": "", "modules": []}},
  {"model": "cartography.system", "pk": 29, "fields": {"inventory_id": 34, "code": "FLYSMART", "name": "FlySmart", "description": "Solution Electronic Flight Bag (EFB): suite complète d'applications pour remplacer les manuels de vol.", "vendor": "Airbus", "category": 6, "structure": 6, "criticality": "HAUTE", "mode": "ONPREMISE", "is_master_for": "Documentation vol (EFB)", "modules": []}},
  {"model": "cartography.system", "pk": 30, "fields": {"inventory_id": 35, "code": "AGS", "name": "AGS (Analysis Ground Station)", "description": "Logiciel d'analyse activité avion.", "vendor": "Safran", "category": 6, "structure": 13, "criticality": "HAUTE", "mode": "ONPREMISE", "is_master_for": "Analyse activité avion", "modules": []}},
  {"model": "cartography.system", "pk": 31, "fields": {"inventory_id": 37, "code": "SKYBOOK", "name": "SkyBook", "description": "Application pour consultation et téléchargements.", "vendor": "BYTRON", "category": 6, "structure": 5, "criticality": "MOYENNE", "mode": "ONPREMISE", "is_master_for": "", "modules": []}},

  {"model": "cartography.system", "pk": 32, "fields": {"inventory_id": 17, "code": "SITATEX", "name": "SITATEX ONLINE", "description": "Solution de messagerie de type B.", "vendor": "SITA", "category": 7, "structure": 1, "criticality": "HAUTE", "mode": "SAAS", "is_master_for": "", "modules": []}},
  {"model": "cartography.system", "pk": 33, "fields": {"inventory_id": 18, "code": "ZIMBRA", "name": "ZIMBRA", "description": "Solution de messagerie entreprise.", "vendor": "UMAITEK", "category": 7, "structure": 1, "criticality": "MOYENNE", "mode": "ONPREMISE", "is_master_for": "", "modules": []}},
  {"model": "cartography.system", "pk": 34, "fields": {"inventory_id": 24, "code": "EDOLEANCE", "name": "E-doléance", "description": "Système traitement de la réclamation client.", "vendor": "DSI (In-house)", "category": 7, "structure": 2, "criticality": "MOYENNE", "mode": "INHOUSE", "is_master_for": "", "modules": []}},
  {"model": "cartography.system", "pk": 35, "fields": {"inventory_id": 27, "code": "PORTAIL", "name": "Portail AH", "description": "Plateforme applicative et d'information.", "vendor": "DSI (In-house)", "category": 7, "structure": 1, "criticality": "MOYENNE", "mode": "INHOUSE", "is_master_for": "", "modules": []}},
  {"model": "cartography.system", "pk": 36, "fields": {"inventory_id": 36, "code": "GLPI", "name": "GLPI", "description": "Gestion des tickets.", "vendor": "Open source", "category": 7, "structure": 1, "criticality": "MOYENNE", "mode": "INHOUSE", "is_master_for": "", "modules": []}},

  {"model": "cartography.system", "pk": 37, "fields": {"inventory_id": null, "code": "EUROCONTROL", "name": "EUROCONTROL", "description": "Organisation intergouvernementale européenne. Gestion trafic aérien, attribution slots (CTOT).", "vendor": "EUROCONTROL", "category": 1, "structure": 8, "criticality": "HAUTE", "mode": "RESEAU", "is_master_for": "Slots européens", "modules": []}},
  {"model": "cartography.system", "pk": 38, "fields": {"inventory_id": null, "code": "OAG", "name": "OAG / INNOVATA", "description": "Diffusion programme vol mondial.", "vendor": "OAG", "category": 2, "structure": 7, "criticality": "HAUTE", "mode": "SAAS", "is_master_for": "", "modules": []}},

  {"model": "cartography.dataflow", "pk": 1, "fields": {"source": 2, "target": 1, "name": "Programme de Vol", "description": "Transmission du programme de vol depuis AIMS vers l'inventaire Altéa", "frequency": "CONTINUOUS", "protocol": "MESSAGE", "format": "SSIM/SSM/ASM", "is_automated": true, "is_critical": true, "volume": ""}},
  {"model": "cartography.dataflow", "pk": 2, "fields": {"source": 2, "target": 38, "name": "Programme de Vol OAG", "description": "Diffusion du programme de vol vers OAG/INNOVATA", "frequency": "DAILY", "protocol": "FILE", "format": "SSIM", "is_automated": true, "is_critical": false, "volume": ""}},
  {"model": "cartography.dataflow", "pk": 3, "fields": {"source": 2, "target": 6, "name": "Plan Immobilisation", "description": "Transmission du plan d'immobilisation avions vers AMOS", "frequency": "DAILY", "protocol": "PROPRIETARY", "format": "", "is_automated": true, "is_critical": false, "volume": ""}},
  {"model": "cartography.dataflow", "pk": 4, "fields": {"source": 6, "target": 2, "name": "Disponibilité Avions", "description": "Retour de la disponibilité des avions depuis AMOS", "frequency": "REALTIME", "protocol": "PROPRIETARY", "format": "", "is_automated": true, "is_critical": true, "volume": ""}},
  {"model": "cartography.dataflow", "pk": 5, "fields": {"source": 2, "target": 3, "name": "Programme Vol JETPLAN", "description": "Transmission du programme vers Jeppesen pour planification", "frequency": "CONTINUOUS", "protocol": "PROPRIETARY", "format": "", "is_automated": true, "is_critical": true, "volume": ""}},
  {"model": "cartography.dataflow", "pk": 6, "fields": {"source": 3, "target": 2, "name": "OFP Plan de Vol", "description": "Retour des plans de vol opérationnels", "frequency": "REALTIME", "protocol": "PROPRIETARY", "format": "OFP", "is_automated": true, "is_critical": true, "volume": ""}},
  {"model": "cartography.dataflow", "pk": 7, "fields": {"source": 2, "target": 37, "name": "Demande Slots", "description": "Demande de slots vers EUROCONTROL", "frequency": "CONTINUOUS", "protocol": "MESSAGE", "format": "CFMU", "is_automated": true, "is_critical": true, "volume": ""}},
  {"model": "cartography.dataflow", "pk": 8, "fields": {"source": 37, "target": 2, "name": "Attribution CTOT", "description": "Retour des slots attribués (CTOT)", "frequency": "REALTIME", "protocol": "MESSAGE", "format": "CFMU", "is_automated": true, "is_critical": true, "volume": ""}},
  {"model": "cartography.dataflow", "pk": 9, "fields": {"source": 1, "target": 5, "name": "Messages MVT/LDM", "description": "Messages de mouvement et chargement vers ACARS", "frequency": "REALTIME", "protocol": "MESSAGE", "format": "MVT/LDM", "is_automated": true, "is_critical": true, "volume": ""}},
  {"model": "cartography.dataflow", "pk": 10, "fields": {"source": 5, "target": 2, "name": "Position/Fuel", "description": "Données de position et carburant depuis ACARS", "frequency": "REALTIME", "protocol": "MESSAGE", "format": "OOOI", "is_automated": true, "is_critical": true, "volume": ""}},
  {"model": "cartography.dataflow", "pk": 11, "fields": {"source": 1, "target": 4, "name": "Fichiers HOT Billetterie", "description": "Transactions de billetterie quotidiennes", "frequency": "DAILY", "protocol": "FILE", "format": "HOT", "is_automated": true, "is_critical": true, "volume": "~35 fichiers/jour"}},
  {"model": "cartography.dataflow", "pk": 12, "fields": {"source": 10, "target": 4, "name": "Compensation BSP", "description": "Données de compensation depuis BSP", "frequency": "WEEKLY", "protocol": "FILE", "format": "BIDT", "is_automated": true, "is_critical": true, "volume": ""}},
  {"model": "cartography.dataflow", "pk": 13, "fields": {"source": 4, "target": 16, "name": "Recettes vers ERP", "description": "Données de recettes commerciales vers ERP", "frequency": "DAILY", "protocol": "FILE", "format": "", "is_automated": true, "is_critical": true, "volume": ""}},
  {"model": "cartography.dataflow", "pk": 14, "fields": {"source": 1, "target": 2, "name": "MVT Mouvements", "description": "Messages de mouvement depuis DCS vers AIMS", "frequency": "REALTIME", "protocol": "MESSAGE", "format": "MVT", "is_automated": true, "is_critical": true, "volume": ""}},
  {"model": "cartography.dataflow", "pk": 15, "fields": {"source": 12, "target": 1, "name": "Tarifs ATPCO", "description": "Tarifs et conditions depuis ATPCO vers Altéa", "frequency": "DAILY", "protocol": "FILE", "format": "ATPCO", "is_automated": true, "is_critical": true, "volume": ""}},

  {"model": "cartography.dataflow", "pk": 16, "fields": {"source": 1, "target": 7, "name": "Données Bagages DCS", "description": "Informations bagages depuis DCS vers WorldTracer", "frequency": "REALTIME", "protocol": "MESSAGE", "format": "BPM", "is_automated": true, "is_critical": true, "volume": ""}},
  {"model": "cartography.dataflow", "pk": 17, "fields": {"source": 7, "target": 1, "name": "Statut Bagages", "description": "Retour statut bagages retrouvés/livrés", "frequency": "REALTIME", "protocol": "MESSAGE", "format": "BPM", "is_automated": true, "is_critical": false, "volume": ""}},
  {"model": "cartography.dataflow", "pk": 18, "fields": {"source": 1, "target": 9, "name": "Disponibilités IBE", "description": "Disponibilités et tarifs vers le site web", "frequency": "REALTIME", "protocol": "API_REST", "format": "JSON", "is_automated": true, "is_critical": true, "volume": ""}},
  {"model": "cartography.dataflow", "pk": 19, "fields": {"source": 9, "target": 1, "name": "Réservations Web", "description": "Réservations créées depuis le site web", "frequency": "REALTIME", "protocol": "API_REST", "format": "JSON", "is_automated": true, "is_critical": true, "volume": ""}},
  {"model": "cartography.dataflow", "pk": 20, "fields": {"source": 1, "target": 8, "name": "Données PNR Call Center", "description": "Accès aux PNR pour le centre d'appel", "frequency": "REALTIME", "protocol": "API_REST", "format": "JSON", "is_automated": true, "is_critical": false, "volume": ""}},
  {"model": "cartography.dataflow", "pk": 21, "fields": {"source": 8, "target": 1, "name": "Modifications PNR", "description": "Modifications de réservations depuis le call center", "frequency": "REALTIME", "protocol": "API_REST", "format": "JSON", "is_automated": true, "is_critical": false, "volume": ""}},
  {"model": "cartography.dataflow", "pk": 22, "fields": {"source": 1, "target": 10, "name": "Ventes Agences", "description": "Transactions de vente vers BSP", "frequency": "DAILY", "protocol": "FILE", "format": "BIDT", "is_automated": true, "is_critical": true, "volume": ""}},
  {"model": "cartography.dataflow", "pk": 23, "fields": {"source": 1, "target": 11, "name": "Données Distribution", "description": "Données de distribution vers Accelya Distribution", "frequency": "DAILY", "protocol": "FILE", "format": "", "is_automated": true, "is_critical": false, "volume": ""}},
  {"model": "cartography.dataflow", "pk": 24, "fields": {"source": 11, "target": 4, "name": "Contrôle Distribution", "description": "Rapports de contrôle distribution vers Revenue Accounting", "frequency": "WEEKLY", "protocol": "FILE", "format": "", "is_automated": true, "is_critical": false, "volume": ""}},
  {"model": "cartography.dataflow", "pk": 25, "fields": {"source": 2, "target": 5, "name": "Programme Vol ACARS", "description": "Programme de vol vers ACARS pour communication équipage", "frequency": "DAILY", "protocol": "MESSAGE", "format": "", "is_automated": true, "is_critical": true, "volume": ""}},
  {"model": "cartography.dataflow", "pk": 26, "fields": {"source": 5, "target": 1, "name": "Messages OOOI", "description": "Messages Out/Off/On/In depuis ACARS vers DCS", "frequency": "REALTIME", "protocol": "MESSAGE", "format": "OOOI", "is_automated": true, "is_critical": true, "volume": ""}},
  {"model": "cartography.dataflow", "pk": 27, "fields": {"source": 3, "target": 5, "name": "Plan de Vol ACARS", "description": "Transmission OFP vers cockpit via ACARS", "frequency": "REALTIME", "protocol": "MESSAGE", "format": "OFP", "is_automated": true, "is_critical": true, "volume": ""}},
  {"model": "cartography.dataflow", "pk": 28, "fields": {"source": 3, "target": 29, "name": "Documentation Vol", "description": "Documents de vol vers FlySmart EFB", "frequency": "DAILY", "protocol": "FILE", "format": "PDF", "is_automated": true, "is_critical": true, "volume": ""}},
  {"model": "cartography.dataflow", "pk": 29, "fields": {"source": 6, "target": 30, "name": "Données Maintenance AGS", "description": "Données de maintenance vers AGS pour analyse", "frequency": "DAILY", "protocol": "FILE", "format": "", "is_automated": true, "is_critical": false, "volume": ""}},
  {"model": "cartography.dataflow", "pk": 30, "fields": {"source": 30, "target": 27, "name": "Rapports Qualité", "description": "Rapports d'analyse vers Q-Pulse", "frequency": "WEEKLY", "protocol": "FILE", "format": "", "is_automated": false, "is_critical": false, "volume": ""}},
  {"model": "cartography.dataflow", "pk": 31, "fields": {"source": 6, "target": 13, "name": "Besoins Pièces", "description": "Besoins en pièces de rechange vers SAGE Stock", "frequency": "DAILY", "protocol": "FILE", "format": "", "is_automated": false, "is_critical": false, "volume": ""}},
  {"model": "cartography.dataflow", "pk": 32, "fields": {"source": 4, "target": 14, "name": "Recettes France Nord", "description": "Données recettes vers SAGE Finance PAR/LYS", "frequency": "MONTHLY", "protocol": "FILE", "format": "", "is_automated": false, "is_critical": true, "volume": ""}},
  {"model": "cartography.dataflow", "pk": 33, "fields": {"source": 4, "target": 15, "name": "Recettes France Sud", "description": "Données recettes vers SAGE Finance MRS", "frequency": "MONTHLY", "protocol": "FILE", "format": "", "is_automated": false, "is_critical": true, "volume": ""}},
  {"model": "cartography.dataflow", "pk": 34, "fields": {"source": 10, "target": 18, "name": "Ventes BSP France", "description": "Données BSP vers Datawings pour répartition", "frequency": "WEEKLY", "protocol": "FILE", "format": "", "is_automated": true, "is_critical": false, "volume": ""}},
  {"model": "cartography.dataflow", "pk": 35, "fields": {"source": 16, "target": 17, "name": "Données Financières", "description": "Consolidation ERP vers SYGEF", "frequency": "DAILY", "protocol": "DATABASE", "format": "", "is_automated": true, "is_critical": true, "volume": ""}},
  {"model": "cartography.dataflow", "pk": 36, "fields": {"source": 21, "target": 16, "name": "Pointages Biométriques", "description": "Données de pointage vers ERP RH", "frequency": "DAILY", "protocol": "FILE", "format": "", "is_automated": true, "is_critical": false, "volume": ""}},
  {"model": "cartography.dataflow", "pk": 37, "fields": {"source": 19, "target": 16, "name": "Évaluations RH", "description": "Résultats évaluations vers ERP", "frequency": "MONTHLY", "protocol": "FILE", "format": "", "is_automated": false, "is_critical": false, "volume": ""}},
  {"model": "cartography.dataflow", "pk": 38, "fields": {"source": 20, "target": 14, "name": "Temps Travail Paris", "description": "Données temps de travail vers SAGE Finance", "frequency": "MONTHLY", "protocol": "FILE", "format": "", "is_automated": true, "is_critical": false, "volume": ""}},
  {"model": "cartography.dataflow", "pk": 39, "fields": {"source": 2, "target": 22, "name": "Planning Crew Formation", "description": "Planning équipage vers E-Learning", "frequency": "WEEKLY", "protocol": "FILE", "format": "", "is_automated": false, "is_critical": false, "volume": ""}},
  {"model": "cartography.dataflow", "pk": 40, "fields": {"source": 2, "target": 23, "name": "Examens PN", "description": "Données formation PN vers E-Exam", "frequency": "ONDEMAND", "protocol": "FILE", "format": "", "is_automated": false, "is_critical": false, "volume": ""}},
  {"model": "cartography.dataflow", "pk": 41, "fields": {"source": 1, "target": 24, "name": "Données Ventes BI", "description": "Données de ventes vers Power BI", "frequency": "DAILY", "protocol": "DATABASE", "format": "", "is_automated": true, "is_critical": false, "volume": ""}},
  {"model": "cartography.dataflow", "pk": 42, "fields": {"source": 2, "target": 24, "name": "Données Ops BI", "description": "Données opérationnelles vers Power BI", "frequency": "DAILY", "protocol": "DATABASE", "format": "", "is_automated": true, "is_critical": false, "volume": ""}},
  {"model": "cartography.dataflow", "pk": 43, "fields": {"source": 4, "target": 25, "name": "Données Recettes Qlik", "description": "Données recettes vers Qlik Sense", "frequency": "DAILY", "protocol": "DATABASE", "format": "", "is_automated": true, "is_critical": false, "volume": ""}},
  {"model": "cartography.dataflow", "pk": 44, "fields": {"source": 1, "target": 26, "name": "Bookings BAC", "description": "Données réservations vers BAC Amadeus", "frequency": "REALTIME", "protocol": "PROPRIETARY", "format": "", "is_automated": true, "is_critical": false, "volume": ""}},
  {"model": "cartography.dataflow", "pk": 45, "fields": {"source": 5, "target": 28, "name": "Données Fuel ACARS", "description": "Consommation carburant vers Sudovol", "frequency": "REALTIME", "protocol": "MESSAGE", "format": "", "is_automated": true, "is_critical": false, "volume": ""}},
  {"model": "cartography.dataflow", "pk": 46, "fields": {"source": 2, "target": 31, "name": "Documentation SkyBook", "description": "Documentation opérationnelle vers SkyBook", "frequency": "DAILY", "protocol": "FILE", "format": "", "is_automated": true, "is_critical": false, "volume": ""}},
  {"model": "cartography.dataflow", "pk": 47, "fields": {"source": 32, "target": 1, "name": "Messages Type B Altéa", "description": "Messages SITA vers Altéa", "frequency": "REALTIME", "protocol": "MESSAGE", "format": "Type B", "is_automated": true, "is_critical": true, "volume": ""}},
  {"model": "cartography.dataflow", "pk": 48, "fields": {"source": 32, "target": 2, "name": "Messages Type B AIMS", "description": "Messages SITA vers AIMS", "frequency": "REALTIME", "protocol": "MESSAGE", "format": "Type B", "is_automated": true, "is_critical": true, "volume": ""}},
  {"model": "cartography.dataflow", "pk": 49, "fields": {"source": 1, "target": 34, "name": "Réclamations Passagers", "description": "Données passagers vers E-doléance", "frequency": "ONDEMAND", "protocol": "API_REST", "format": "", "is_automated": true, "is_critical": false, "volume": ""}},
  {"model": "cartography.dataflow", "pk": 50, "fields": {"source": 35, "target": 16, "name": "Données Portail ERP", "description": "Intégration Portail vers ERP", "frequency": "REALTIME", "protocol": "DATABASE", "format": "", "is_automated": true, "is_critical": false, "volume": ""}},
  {"model": "cartography.dataflow", "pk": 51, "fields": {"source": 36, "target": 1, "name": "Tickets Support", "description": "Tickets GLPI liés aux systèmes", "frequency": "ONDEMAND", "protocol": "API_REST", "format": "", "is_automated": false, "is_critical": false, "volume": ""}},
  {"model": "cartography.dataflow", "pk": 52, "fields": {"source": 1, "target": 32, "name": "Messages Sortants Altéa", "description": "Messages Type B sortants depuis Altéa", "frequency": "REALTIME", "protocol": "MESSAGE", "format": "Type B", "is_automated": true, "is_critical": true, "volume": ""}},
  {"model": "cartography.dataflow", "pk": 53, "fields": {"source": 2, "target": 32, "name": "Messages Sortants AIMS", "description": "Messages Type B sortants depuis AIMS", "frequency": "REALTIME", "protocol": "MESSAGE", "format": "Type B", "is_automated": true, "is_critical": true, "volume": ""}},
  {"model": "cartography.dataflow", "pk": 54, "fields": {"source": 6, "target": 27, "name": "Incidents Maintenance", "description": "Incidents et non-conformités vers Q-Pulse", "frequency": "REALTIME", "protocol": "FILE", "format": "", "is_automated": false, "is_critical": true, "volume": ""}},
  {"model": "cartography.dataflow", "pk": 55, "fields": {"source": 27, "target": 6, "name": "Actions Correctives", "description": "Actions correctives vers AMOS", "frequency": "ONDEMAND", "protocol": "FILE", "format": "", "is_automated": false, "is_critical": true, "volume": ""}},
  {"model": "cartography.dataflow", "pk": 56, "fields": {"source": 16, "target": 19, "name": "Données RH Évaluation", "description": "Données employés vers EVALCOM", "frequency": "MONTHLY", "protocol": "FILE", "format": "", "is_automated": false, "is_critical": false, "volume": ""}},
  {"model": "cartography.dataflow", "pk": 57, "fields": {"source": 29, "target": 2, "name": "Données EFB AIMS", "description": "Données de vol EFB vers AIMS", "frequency": "DAILY", "protocol": "FILE", "format": "", "is_automated": true, "is_critical": false, "volume": ""}},
  {"model": "cartography.dataflow", "pk": 58, "fields": {"source": 38, "target": 1, "name": "Programme OAG Retour", "description": "Validation programme depuis OAG", "frequency": "DAILY", "protocol": "FILE", "format": "SSIM", "is_automated": true, "is_critical": false, "volume": ""}},

  {"model": "cartography.messageformat", "pk": 1, "fields": {"code": "SSIM", "name": "Standard Schedules Information Manual", "description": "Format standard IATA pour le programme de vol saisonnier complet. Utilisé pour la diffusion du programme vers les GDS et OAG.", "standard": "IATA", "example": "3  AH1004 J 01JAN2615MAR26 1234567 ALG0830 CDG1145 738/JCYWMHKLQ"}},
  {"model": "cartography.messageformat", "pk": 2, "fields": {"code": "SSM", "name": "Standard Schedule Message", "description": "Message de modification du programme de vol. Actions: NEW, CNL, TIM, EQT, RPL, SKD.", "standard": "IATA", "example": "SSM\nAH1004/15JAN26 ALG CDG\nNEW\n1/AH1004 J 15JAN26 1234567 ALG0830 CDG1145 738/JCYWMHKLQ"}},
  {"model": "cartography.messageformat", "pk": 3, "fields": {"code": "ASM", "name": "Ad hoc Schedule Message", "description": "Message de modification ponctuelle du programme (jour J ou J+1).", "standard": "IATA", "example": "ASM\nAH1004/15JAN26\nCNL\nALG CDG\nSI CANCELLED DUE TO OPERATIONAL REASONS"}},
  {"model": "cartography.messageformat", "pk": 4, "fields": {"code": "MVT", "name": "Movement Message", "description": "Message de mouvement avion (départ/arrivée réels). Types: AD (Actual Departure), AA (Actual Arrival).", "standard": "IATA", "example": "MVT\nAH1004/15.ALG\nAD0835/0837 EA0930 CDG\nPX120/5/2/0\nSI PAX BOARDED 127"}},
  {"model": "cartography.messageformat", "pk": 5, "fields": {"code": "LDM", "name": "Load Message", "description": "Message de chargement avion avec détail des poids (passagers, bagages, fret, courrier).", "standard": "IATA", "example": "LDM\nAH1004/15JAN.ALG\n-CDG.120/5/0/0.T2850.B1200.C650.M1000"}},

  {"model": "cartography.messagefield", "pk": 1, "fields": {"message_format": 1, "name": "Record Type", "position_start": 1, "position_end": 1, "length": 1, "field_type": "Num", "description": "Type d'enregistrement", "example": "3", "is_mandatory": true}},
  {"model": "cartography.messagefield", "pk": 2, "fields": {"message_format": 1, "name": "Airline Code", "position_start": 3, "position_end": 4, "length": 2, "field_type": "Alpha", "description": "Code IATA compagnie", "example": "AH", "is_mandatory": true}},
  {"model": "cartography.messagefield", "pk": 3, "fields": {"message_format": 1, "name": "Flight Number", "position_start": 5, "position_end": 8, "length": 4, "field_type": "Alphanum", "description": "Numéro de vol", "example": "1004", "is_mandatory": true}},
  {"model": "cartography.messagefield", "pk": 4, "fields": {"message_format": 1, "name": "Service Type", "position_start": 12, "position_end": 12, "length": 1, "field_type": "Alpha", "description": "Type de service", "example": "J", "is_mandatory": true}},
  {"model": "cartography.messagefield", "pk": 5, "fields": {"message_format": 1, "name": "Period From", "position_start": 13, "position_end": 19, "length": 7, "field_type": "Date", "description": "Début période opération", "example": "01JAN26", "is_mandatory": true}},
  {"model": "cartography.messagefield", "pk": 6, "fields": {"message_format": 1, "name": "Period To", "position_start": 20, "position_end": 26, "length": 7, "field_type": "Date", "description": "Fin période opération", "example": "15MAR26", "is_mandatory": true}},
  {"model": "cartography.messagefield", "pk": 7, "fields": {"message_format": 1, "name": "Days of Operation", "position_start": 27, "position_end": 33, "length": 7, "field_type": "Num", "description": "Jours d'opération (1=Lundi...7=Dimanche)", "example": "1234567", "is_mandatory": true}},
  {"model": "cartography.messagefield", "pk": 8, "fields": {"message_format": 1, "name": "Departure Station", "position_start": 34, "position_end": 36, "length": 3, "field_type": "Alpha", "description": "Code IATA aéroport départ", "example": "ALG", "is_mandatory": true}},
  {"model": "cartography.messagefield", "pk": 9, "fields": {"message_format": 1, "name": "Departure Time", "position_start": 37, "position_end": 40, "length": 4, "field_type": "Time", "description": "Heure départ locale", "example": "0830", "is_mandatory": true}},
  {"model": "cartography.messagefield", "pk": 10, "fields": {"message_format": 1, "name": "Arrival Station", "position_start": 46, "position_end": 48, "length": 3, "field_type": "Alpha", "description": "Code IATA aéroport arrivée", "example": "CDG", "is_mandatory": true}},
  {"model": "cartography.messagefield", "pk": 11, "fields": {"message_format": 1, "name": "Arrival Time", "position_start": 49, "position_end": 52, "length": 4, "field_type": "Time", "description": "Heure arrivée locale", "example": "1145", "is_mandatory": true}},
  {"model": "cartography.messagefield", "pk": 12, "fields": {"message_format": 1, "name": "Aircraft Type", "position_start": 58, "position_end": 60, "length": 3, "field_type": "Alphanum", "description": "Type avion IATA", "example": "738", "is_mandatory": true}},

  {"model": "cartography.datadomain", "pk": 1, "fields": {"name": "Programme de Vol", "description": "Horaires, routes, fréquences des vols", "master_system": 2, "criticality": "CRITIQUE"}},
  {"model": "cartography.datadomain", "pk": 2, "fields": {"name": "Réservations Passagers", "description": "PNR, segments, contacts passagers", "master_system": 1, "criticality": "CRITIQUE"}},
  {"model": "cartography.datadomain", "pk": 3, "fields": {"name": "Billets Électroniques", "description": "E-Tickets, coupons, statuts", "master_system": 1, "criticality": "CRITIQUE"}},
  {"model": "cartography.datadomain", "pk": 4, "fields": {"name": "Équipages", "description": "Planning crew, qualifications, disponibilités", "master_system": 2, "criticality": "HAUTE"}},
  {"model": "cartography.datadomain", "pk": 5, "fields": {"name": "Maintenance Avions", "description": "Ordres de travail, pièces, configurations", "master_system": 6, "criticality": "HAUTE"}},
  {"model": "cartography.datadomain", "pk": 6, "fields": {"name": "Mouvements Avion", "description": "Départs/arrivées réels, heures bloc", "master_system": 1, "criticality": "CRITIQUE"}},
  {"model": "cartography.datadomain", "pk": 7, "fields": {"name": "Revenue Accounting", "description": "Recettes, facturation, compensation", "master_system": 4, "criticality": "HAUTE"}},
  {"model": "cartography.datadomain", "pk": 8, "fields": {"name": "Tarifs", "description": "Prix, conditions tarifaires, règles", "master_system": 12, "criticality": "HAUTE"}},

  {"model": "cartography.referencedata", "pk": 1, "fields": {"code": "IATA_AIRLINE", "name": "Codes Compagnies IATA", "description": "Codes à 2 lettres des compagnies aériennes (ex: AH pour Air Algérie)", "referential_type": "STANDARD", "standard": "IATA", "master_system": null, "example_values": ["AH", "AF", "LH", "BA", "EK"], "is_mandatory": true, "documentation_url": "https://www.iata.org/en/publications/directories/code-search/"}},
  {"model": "cartography.referencedata", "pk": 2, "fields": {"code": "IATA_AIRPORT", "name": "Codes Aéroports IATA", "description": "Codes à 3 lettres des aéroports (ex: ALG pour Alger)", "referential_type": "STANDARD", "standard": "IATA", "master_system": null, "example_values": ["ALG", "ORY", "CDG", "LYS", "MRS", "JFK", "DXB"], "is_mandatory": true, "documentation_url": "https://www.iata.org/en/publications/directories/code-search/"}},
  {"model": "cartography.referencedata", "pk": 3, "fields": {"code": "IATA_AIRCRAFT", "name": "Codes Avions IATA", "description": "Codes à 3 caractères des types d'avions", "referential_type": "STANDARD", "standard": "IATA", "master_system": null, "example_values": ["738", "332", "333", "ATR", "320", "321"], "is_mandatory": true, "documentation_url": ""}},
  {"model": "cartography.referencedata", "pk": 4, "fields": {"code": "CURRENCY", "name": "Codes Devises ISO", "description": "Codes ISO 4217 des devises", "referential_type": "STANDARD", "standard": "ISO 4217", "master_system": null, "example_values": ["DZD", "EUR", "USD", "GBP", "CAD"], "is_mandatory": true, "documentation_url": ""}},
  {"model": "cartography.referencedata", "pk": 5, "fields": {"code": "COUNTRY", "name": "Codes Pays ISO", "description": "Codes ISO 3166-1 alpha-2 des pays", "referential_type": "STANDARD", "standard": "ISO 3166", "master_system": null, "example_values": ["DZ", "FR", "DE", "GB", "US", "AE"], "is_mandatory": false, "documentation_url": ""}},
  {"model": "cartography.referencedata", "pk": 6, "fields": {"code": "CLASS_OF_SERVICE", "name": "Classes de Service", "description": "Codes des classes de réservation (cabine et booking class)", "referential_type": "CODE", "standard": "IATA", "master_system": 1, "example_values": ["J", "C", "Y", "M", "H", "K", "L", "Q", "W"], "is_mandatory": true, "documentation_url": ""}},
  {"model": "cartography.referencedata", "pk": 7, "fields": {"code": "PAYMENT_TYPE", "name": "Types de Paiement", "description": "Codes des formes de paiement (FOP)", "referential_type": "CODE", "standard": "IATA", "master_system": 1, "example_values": ["CA", "CC", "CK", "MS", "PT", "AG"], "is_mandatory": true, "documentation_url": ""}},
  {"model": "cartography.referencedata", "pk": 8, "fields": {"code": "TICKET_STATUS", "name": "Statuts Billet", "description": "Codes de statut des coupons de vol", "referential_type": "ENUM", "standard": "IATA", "master_system": 1, "example_values": ["O", "F", "E", "R", "V", "A", "L", "C", "I", "S", "X", "Z"], "is_mandatory": true, "documentation_url": ""}},
  {"model": "cartography.referencedata", "pk": 9, "fields": {"code": "PNR_STATUS", "name": "Statuts PNR", "description": "Codes de statut des segments de réservation", "referential_type": "ENUM", "standard": "IATA", "master_system": 1, "example_values": ["HK", "HL", "HN", "UC", "UN", "NO", "XX"], "is_mandatory": true, "documentation_url": ""}},
  {"model": "cartography.referencedata", "pk": 10, "fields": {"code": "CREW_RANK", "name": "Grades Équipage", "description": "Codes des fonctions du personnel navigant", "referential_type": "INTERNAL", "standard": "", "master_system": 2, "example_values": ["CPT", "OPL", "CCP", "CC", "PNC"], "is_mandatory": false, "documentation_url": ""}},
  {"model": "cartography.referencedata", "pk": 11, "fields": {"code": "FLIGHT_STATUS", "name": "Statuts Vol", "description": "Codes de statut opérationnel des vols", "referential_type": "ENUM", "standard": "", "master_system": 2, "example_values": ["SCH", "CNL", "DLY", "DIV", "RTN", "DEP", "ARR"], "is_mandatory": true, "documentation_url": ""}},
  {"model": "cartography.referencedata", "pk": 12, "fields": {"code": "MSG_TYPE_IATA", "name": "Types Messages IATA", "description": "Codes des types de messages aéronautiques", "referential_type": "STANDARD", "standard": "IATA AHM", "master_system": null, "example_values": ["MVT", "LDM", "PTM", "PSM", "ASM", "SSM", "SSIM"], "is_mandatory": true, "documentation_url": ""}},

  {"model": "cartography.flowreferential", "pk": 1, "fields": {"flow": 1, "reference_data": 1, "usage": "INPUT", "field_name": "carrier_code", "is_present_in_sample": true, "notes": ""}},
  {"model": "cartography.flowreferential", "pk": 2, "fields": {"flow": 1, "reference_data": 2, "usage": "INPUT", "field_name": "origin", "is_present_in_sample": true, "notes": ""}},
  {"model": "cartography.flowreferential", "pk": 3, "fields": {"flow": 1, "reference_data": 2, "usage": "INPUT", "field_name": "destination", "is_present_in_sample": true, "notes": ""}},
  {"model": "cartography.flowreferential", "pk": 4, "fields": {"flow": 1, "reference_data": 3, "usage": "INPUT", "field_name": "aircraft_type", "is_present_in_sample": false, "notes": "Non présent dans les échantillons actuels"}},
  {"model": "cartography.flowreferential", "pk": 5, "fields": {"flow": 2, "reference_data": 6, "usage": "INPUT", "field_name": "class_of_service", "is_present_in_sample": true, "notes": ""}},
  {"model": "cartography.flowreferential", "pk": 6, "fields": {"flow": 2, "reference_data": 9, "usage": "INPUT", "field_name": "segment_status", "is_present_in_sample": false, "notes": ""}},
  {"model": "cartography.flowreferential", "pk": 7, "fields": {"flow": 3, "reference_data": 8, "usage": "INPUT", "field_name": "coupon_status", "is_present_in_sample": true, "notes": ""}},
  {"model": "cartography.flowreferential", "pk": 8, "fields": {"flow": 3, "reference_data": 4, "usage": "INPUT", "field_name": "currency", "is_present_in_sample": true, "notes": ""}},
  {"model": "cartography.flowreferential", "pk": 9, "fields": {"flow": 4, "reference_data": 7, "usage": "INPUT", "field_name": "form_of_payment", "is_present_in_sample": false, "notes": "À valider avec échantillons APS"}},
  {"model": "cartography.flowreferential", "pk": 10, "fields": {"flow": 5, "reference_data": 11, "usage": "OUTPUT", "field_name": "flight_status", "is_present_in_sample": true, "notes": ""}}
]
